Nº MODALIDADE,ANO,SOLICITANTE,OBJETO,Nº PROCESSO,MODALIDADE,DATA ABERTURA,VALOR ESTIMADO,VALOR CONTRATADO,CNPJ CONTRATADO,CONTRATADO,DETALHAMENTO,Unnamed: 12,Unnamed: 13,Unnamed: 14,Unnamed: 15,Unnamed: 16,Unnamed: 17,Unnamed: 18,Unnamed: 19,Unnamed: 20,Unnamed: 21,Unnamed: 22,Unnamed: 23,Unnamed: 24,Unnamed: 25,Unnamed: 26,Unnamed: 27
001/2010,2010.0,CSG/CGRL,Prestação de serviços de Secretariado, por demanda, de forma contínua, objetivando suprir as necessidades do Ministério do Turismo, em Brasília/DF, conforme condições e especificações constantes no Edital do Pregão Eletrônico nº 01/2010 e seus Anexos.,72031003362/2010-86,Pregão Eletrônico,09/06/2010,R$ 1.987.104,0,R$ 1.591.299,60,06.090.065/0001-51,PH SERVIÇOS E ADMINISTRAÇÃO,"HOMOLOGADO EM
 09/07/2010
 PH SERVIÇOS E ADMINISTRAÇÃO
 CNPJ 06.090.065/0001-51
 R$ 1.591.299,60",,,,,,,,,
002/2010,2010.0,ASCOM,Contratação de empresa especializada em Clipping de Vídeo para a prestação dos serviços de fornecimento de assinatura de um Banco de Dados atualizado diariamente, contendo imagens, som e textos, conforme especificações constantes no Edital e seus Anexos. ,72030000062/2010-55,Pregão Eletrônico,25/06/2010,R$ 500.000,0,R$ 291.990,0,00.635.197/0001-35,LDC LINHA DIRETA COMUNICAÇÃO S/S EPP,"HOMOLOGADO EM
 23/07/2010
 LDC LINHA DIRETA COMUNICAÇÃO S/S EPP
 CNPJ 00.635.197/0001-35
 R$ 291.990,00",,,,,,,,,,,
002/2010,2011.0,DEAOT,Contratação de empresa especializada em organização de eventos e/ou feiras para realização da sexta edição do Salão do Turismo  Roteiros do Brasil, a ser realizada entre os dias 20 de abril e 31 de julho de 2011, na cidade de São Paulo/SP, com duração de 05 (cinco) dias, sendo necessário ainda 07 (sete) dias para montagem e 1 (um) dia para desmontagem, perfazendo o total de 13 (treze) dias. A data e local serão definidos conforme disponibilidade de agenda nos centros de eventos de São Paulo-SP, que atendam as especificidades do Salão do Turismo, com área coberta de no mínimo 35.000m² (trinta e cinco mil metros quadrados), uma vez que é obrigação da empresa vencedora a contratação do centro de eventos. Bem como a contratação de um anfiteatro /auditório, nas proximidades do local de realização da sexta edição do Salão do Turismo onde será realizada a Cerimônia de Abertura, no primeiro dia do evento. O anfiteatro /auditório tem que estar disponível um dia antes da solenidade de abertura para montagem e ensaio. O espaço, não incluso nos 35000m², deve ter palco de aproximadamente 100m² e capacidade para no mínimo 800 pessoas sentadas, conforme especificações descritas no Edital e seus Anexos.,73030000468/2010-38,Concorrência,01/02/2011,R$ 10.000.000,0,R$ 10.400.000,0,10.460.010/0001-74,PROMO INTELIGENCIA TURISTICA LTDA,"HOMOLOGADA EM
 08/02/2011
 PROMO INTELIGENCIA TURISTICA LTDA
 CNPJ 10.460.010/0001-74
 R$ 10.400.000,00",
003/2010,2010.0,CEOF/CGRL,Prestação de serviços de fornecimento de passagens aéreas nacionais e internacionais, adquiridas preferencialmente de empresas de bandeira nacional, para atender às necessidades de deslocamentos dos servidores e colaboradores eventuais do Ministério do Turismo, quando em viagem a serviço, através do posto de atendimento da CONTRATADA ou de PTA - Prepaid Ticket Advice, de acordo com as condições e especificações constantes do Edital e seus Anexos.,72030000201/2010-41,Pregão Eletrônico,14/07/2010,R$ 2.950.000,0,R$ 2.950.000,0,03.600.863/0001-98,EUROPRESS TRAVEL VIAGENS E TURISMO,"HOMOLOGADO EM
 09/09/2010
 EUROPRESS TRAVEL VIAGENS E TURISMO
 CNPJ 03.600.863/0001-98
 R§ 2.950.000,00
 DESCONTO
 11,26%",,,,,,,,,
004/2010,2010.0,CSG/CGRL,Prestação de serviços de fornecimento de carimbos, para atender as necessidades do Ministério do Turismo.,72030000219/2010-42,Pregão Eletrônico,25/08/2010,R$ 40.000,0,R$ 15.636,80,72.649.361/0001-74,HBL CARIMBOS E PLACAS,"HOMOLOGADO EM
 27/08/2010
 HBL CARIMBOS E PLACAS
 CNPJ 72.649.361/0001-74
 R$ 15.636,80",,,,,,,,,,,,,
005/2010,2010.0,CSG/CGRL,Contratação de empresa especializada no fornecimento de Solução de Segurança para Monitoramento de Visitantes no Ministério do Turismo, incluindo os serviços de instalação e configuração da Solução, Treinamento, Manutenção e Suporte Técnico durante o período de vigência do Contrato, conforme condições e especificações constantes no Edital do Pregão Eletrônico nº 05/2010 e seus Anexos.,72030000200/2010-04,Pregão Eletrônico,09/09/2010,R$ 341.653,78,R$ 192.900,0,24.904.641/0001-39,PROTECH TECNOLOGIA,"HOMOLOGADO EM
 13/09/2010
 CNPJ 24.904.641/0001-39
 PROTECH TECNOLOGIA
 R$ 192.900,00",,,,,,,,,,
006/2010,2010.0,CGTI,Contratação de empresa especializada para prestação de serviços de Assessoria Técnica e Sustentação de Produtos e serviços de Tecnologia da Informação (TI) do Ministério do Turismo. (Item 1),72045000197/2010-51,Pregão Eletrônico,30/11/2010,R$ 1.125.098,38,R$ 8.017.027,20,01.644.731/0001-32,CTIS TECNOLOGIA S/A,"HOMOLOGADO EM
 01/12/2010
 CTIS TECNOLOGIA S/A
 CNPJ 01.644.731/0001-32
 ITEM 1  R$ 997.637,76
 ITEM 2  R$ 7.021.077,00
 R$ 8.017.027,20",,,,,,,,,,,,,,
006/2010,2010.0,CGTI,Contratação de empresa especializada para prestação de serviços de Assessoria Técnica e Sustentação de Produtos e serviços de Tecnologia da Informação (TI) do Ministério do Turismo. (Item 2),72045000197/2010-51,Pregão Eletrônico,30/11/2010,R$ 9.292.970,66,R$ 8.017.027,20,01.644.731/0001-32,CTIS TECNOLOGIA S/A,"HOMOLOGADO EM
 01/12/2010
 CTIS TECNOLOGIA S/A
 CNPJ 01.644.731/0001-32
 ITEM 1  R$ 997.637,76
 ITEM 2  R$ 7.021.077,00
 R$ 8.017.027,20",,,,,,,,,,,,,,
007/2010,2010.0,CGRL,Contratação de serviços especializados em traduções/versões simultâneas e de textos, com revisão, compreendendo a sonorização de ambientes em reuniões, encontros, workshops, seminários, palestras e outros eventos de nível nacional e internacional, incluindo gravação/degravação em CD ou DVD ou outro meio disponível, por demanda, para atender as necessidades do Ministério do Turismo.,72030000228/2010,Pregão Eletrônico,03/11/2010,R$ 1.700.000,0,R$ 629.999,90,08.198.805/0001-01,PANGEA CENTRO DE TRADUÇÃO, INTERPRETAÇÃO E IDIOMAS,"HOMOLOGADA EM
 26/11/2010
 PANGEA CENTRO DE TRADUÇÃO, INTERPRETAÇÃO E IDIOMAS
 CNPJ 08.198.805/0001-01
 R$ 629.999,90",,,,
008/2010,2010.0,CGRL,Registro de preços para eventual contratação de empresa especializada na confecção de cartões de visitas, com respectiva arte final, para atender as necessidades do Ministério do Turismo, conforme condições e especificações constantes no Edital do Pregão para Registro de Preços nº 08/2010 e em seus Anexos.,72030000383/2010-50,Pregão Eletrônico,22/11/2010,R$ 54.100,0,R$ 13.897,20,09.400.792/0001-66,QUICKPRESS GRÁFICA E EDITORA LTDA ME,"HOMOLOGADO EM
 23/11/2010
 QUICKPRESS GRÁFICA E EDITORA LTDA ME
 CNPJ 09.400.792/0001-66
 R$ 13.897,20",,,,,,,,,,,
009/2010,2010.0,CGRL,Aquisição De Material De Estoque (G1 E G2),72030000394/2010-30,Pregão Eletrônico,14/12/2010,R$ 280.817,0,R$ 54,399,50,05.471.539/0001-42,ALM AUDIO E VIDEO,"HOMOLOGADO EM
29/12/2010
G1 e G2  ALM AUDIO E VIDEO
CNPJ 05.471.539/0001-42
R$ 54,399,50
 ",,,,,,,,,,,,,
009/2010,2010.0,CGRL,Aquisição De Material De Estoque (G3),72030000394/2010-30,Pregão Eletrônico,14/12/2010,R$ 280.817,0,R$ 11.095,0,05.471.539/0001-42,CNHS INFORMÁTICA LTDA,"HOMOLOGADO EM
29/12/2010
G3  CNHS INFORMÁTICA LTDA
CNPJ11.932.777/0001-00
R$ 11.095,00",,,,,,,,,,,,,,
009/2010,2010.0,CGRL,Aquisição De Material De Estoque (G4),72030000394/2010-30,Pregão Eletrônico,14/12/2010,R$ 280.817,0,R$ R$ 13.448,0,33.514.001/0001-03,TELMA DA S LORGA ME,"HOMOLOGADO EM
29/12/2010
G4  TELMA DA S LORGA ME
CNPJ 33.514.001/0001-03
R$ R$ 13.448,00",,,,,,,,,,,,,,
009/2010,2010.0,CGRL,Aquisição De Material De Estoque (G5 E G6),72030000394/2010-30,Pregão Eletrônico,14/12/2010,R$ 280.817,0,R$ 9.575,50,07.045.591/0001-62,DMPO COM DE MATERIAIS,"HOMOLOGADO EM
29/12/2010
G5 e G6  DMPO COM DE MATERIAIS
CNPJ 07.045.591/0001-62
R$ 9.575,50",,,,,,,,,,,,,,
009/2010,2010.0,CGRL,Aquisição De Material De Estoque (G7),72030000394/2010-30,Pregão Eletrônico,14/12/2010,R$ 280.817,0,R$ 23.420,0,12.710.145/0001-65,IMPORTEC INFORMÁTICA,"HOMOLOGADO EM
 29/12/2010
G7  IMPORTEC INFORMÁTICA
CNPJ 12,710.145/0001-65
R$ 23.420,00",,,,,,,,,,,,,,
009/2010,2010.0,CGRL,Aquisição De Material De Estoque (G8),72030000394/2010-30,Pregão Eletrônico,14/12/2010,R$ 280.817,0,R$ 29.925,0,28.100.733/0001-17,N.W BRASIL,"HOMOLOGADO EM
29/12/2010
G8  N.W BRASIL
CNPJ 28.100.733/0001-17
R$ 29.925,00",,,,,,,,,,,,,,
009/2010,2010.0,CGRL,Aquisição De Material De Estoque (G9),72030000394/2010-30,Pregão Eletrônico,14/12/2010,R$ 280.817,0,R$ 915,0,05.104.516.0001-08,OFFICE MIX,"HOMOLOGADO EM
29/12/2010
G9  OFFICE MIX
CNPJ 05.104.516.0001-08
R$ 915,00",,,,,,,,,,,,,,
010/2010,2010.0,CGQT,Prestação de serviço de confecção e emissão de Crachás de Identificação de Guia de Turismo para atender às necessidades do CONTRATANTE em âmbito nacional, de forma continuada e por demanda.,72450000305/2010-12,Pregão Eletrônico,27/12/2010,R$ 110.880,0,R$ 34.920,0,05.449.347/0001-30,ART CARD LTDA ME,"HOMOLOGADO EM
 30/12/2010
 ART CARD LTDA ME
 CNPJ 05.449.347/0001-30
 R$ 34.920,00",,,,,,,,,,,,,
001/2011,2011.0,ASCOM,Prestação dos serviços de Comunicação Institucional e de Relações Públicas, para prestar serviços de consultoria, análise, planejamento estratégico, assessoria de comunicações e relações públicas de acordo com as condições e especificações constantes deste Instrumento e do Projeto Básico - Anexo I, do Edital de Concorrência nº 01/2011.,72030000099/2011-64,Concorrência,19/04/2011,R$ 6.500.000,0,R$ 6.500,0,03.585.183/0001-42,FSB COMUNICAÇÃO E PLANEJAMENTO ESTRATÉGICO LTDA,"HOMOLOGADA PARA
 FSB COMUNICAÇÃO E PLANEJAMENTO ESTRATÉGICO LTDA
 CNPJ 03.585.183/0001-42
 R$ 6.500,00",,,,,,,,,
001/2011,2011.0,CGC/CGRL,Contratação de empresa especializada na prestação de serviços de cópias e impressão monocromáticas e policromáticas, plastificação, encadernação e acabamento, incluindo fornecimento de mão de obra, para operação dos equipamentos, e de todos os insumos necessários à execução dos serviços, inclusive papel e transparências, mediante a instalação de Centrais Reprográficas.,72030000153/2011-71,Pregão Eletrônico,28/04/2011,R$ 559.560,0,R$ 543.500,0,37.165.529/0001-75,PANACOPY COMÉRCIO DE EQUIPAMENTOS REPROGRAFICOS,"HOMOLOGADA EM
 02/05/2011
 PANACOPY COMÉRCIO DE EQUIPAMENTOS REPROGRAFICOS
 CNPJ 37.165.529/0001-75
 R$ 543.500,00",,,,,,,
002/2011,,CSG/CGRL,Registro de Preços para contratação de empresa especializada em fornecimento de carimbos, para atender às necessidades do Ministério do Turismo, conforme condições e especificações constantes deste Edital e seus Anexos.,72030000285/2011-01,Pregão Eletrônico,,R$ 38.521,80,R$ 25.731,30,72.649.361/0001-74,HBL  CARIMBOS E PLACAS,"HOMOLOGADA EM 06/10/2011
 HBL  CARIMBOS E PLACAS
 CNPJ 72649361000174
 R$ 25.731,30",,,,,,,,,,,,
001/2012,2012.0,DPMKN,Prestação de serviços de publicidade, compreendendo o conjunto de atividades realizadas integradamente que tenham por objetivo o estudo, o planejamento, a conceituação, a concepção, a criação, a execução interna, a intermediação e a supervisão da execução externa e a distribuição de publicidade aos veículos e demais meios de divulgação, com o intuito de atender ao princípio da publicidade e ao direito à informação, bem como promover a venda de bens ou serviços, difundir ideias, princípios, iniciativas ou instituições ou informar o público em geral,72031010779/2011-86,Concorrência,10/09/2012,R$ 50.000.000,0,R$ 50.000.000,0,33.673.286/0004-78,ARTPLAN COMUNICAÇÃO S/A e BEES PUBLICIDADE COMUNICAÇÃO E MARKETING LTDA,"HOMOLOGADO EM
15/02/2013
ARTPLAN COMUNICAÇÃO S/A
CNPJ Nº 33.673.286/0004-78 e 
BEES PUBLICIDADE COMUNICAÇÃO E MARKETING LTDA
CNPJ Nº 06.326.015/0001-20
 R$ 50.000.000,00",,
002/2012,2012.0,CGQT,Prestação de serviço de confecção de Placas, Plaquetas, Lacres e Caixas de Papelão para atender as necessidades do CONTRATANTE, em âmbito nacional, de forma continuada e por demanda, referentes à Classificação de Meios de Hospedagem, conforme condições e especificações constantes do Edital e em seus Anexos.,72031006792/2011-31,Pregão Eletrônico,,R$ 2.193.000,0,R$ 590.400,0,42.941.690/0001-23,BR DISPLAYS LTDA,"HOMOLOGADA EM 08/03/2012
 BR DISPLAYS LTDA
 CNPJ 42.941.690/0001-23
 R$ 590.400,00",,,,,,,,
003/2012,2012.0,CGTI,Prestação de serviços de hospedagem externa de equipamentos servidores, ativos de rede e sistemas nas modalidades Colocation Gerenciado e Hosting, com monitoramento, gerenciamento e segurança física e lógica para execução de aplicativos de missão crítica do Ministério do Turismo e da Embratur -  Instituto Brasileiro do Turismo, conforme condições, quantidades e exigências estabelecidas no Edital e seus Anexos.,"7,20300002922011E+016",Pregão Eletrônico,27/07/2012,R$ 12.605.593,57,R$ 2.098.400,00 .,21.246.699/0031-60,ALGAR TECNOLOGIA E CONSULTORIA S.A,"HOMOLOGADA EM 05.09.2012
 ALGAR TECNOLOGIA E CONSULTORIA S.A.CNPJ CNPJ 21.246.699/0031-60
 R$ 2.098.400,00 .",,,,,,,,,
004/2012,2012.0,CSG/CGRL,prestação de serviços de Atividades Complementares, por demanda, de forma contínua, sendo Motorista Executivo e Motorista de Carro Leve, objetivando suprir as necessidades da CONTRATANTE, relativas ao desenvolvimento de suas atividades, conforme especificações e demais elementos, constantes do Edital e seus anexos.r (Item 01),72030000118/2012-33,Pregão Eletrônico,02/05/2012,R$ 860.382,72,R$ 685.980,0,10.660.342/0001-91,3R LOCAÇÃO DE VEÍCULOS E TURISMO LTDA,"ITEM 01
 HOMOLOGADO EM 18/05/2012
 3R LOCAÇÃO DE VEÍCULOS E TURISMO LTDA
 R$ 685.980,00
 CNPJ 10.660.342/0001-91
 ITEM 02
 HOMOLOGADO EM 28.05.2012
 WR COMERCIAL DE ALIMENTOS
 CNPJ 06.091.637/0001-17
 R$ 179.450,00",,,,,,,
004/2012,2012.0,CSG/CGRL,Constitui objeto deste Contrato a prestação de serviços de Atividades Complementares, por demanda, de forma contínua, Carregador, objetivando suprir as necessidades da CONTRATANTE, relativas ao desenvolvimento de suas atividades, conforme especificações e demais elementos, constantes do Edital e seus anexos. (Item 02),72030000118/2012-33,Pregão Eletrônico,02/05/2012,R$ 186.609,60,R$ 179.450,0,06.091.637/0001-17,WR COMERCIAL DE ALIMENTOS,"ITEM 01
HOMOLOGADO EM 18/05/2012
3R LOCAÇÃO DE VEÍCULOS E TURISMO LTDA
R$ 685.980,00
ITEM 02
HOMOLOGADO EM 29.05.2012
WR COMERCIAL DE ALIMENTOS
R$ 179.450,00
TOTAL R$ 865.430,00",,,,,,,
005/2012,2012.0,CRL/CGRL,Aquisição De Materiais De Consumo (Grupo I),"7,20300001542012E+016",Pregão Eletrônico,13/06/2012,R$ 8.293,30,R$ 4.927,0,33.514.001/0001-03,TELMA DA SILVA LORGA ME,"HOMOLOGADO EM 21.06.2012
 GRUPO I
 TELMA DA SILVA LORGA ME
 CNPJ 33.514.001/0001-
 R$ 4.927,00;



 

 
",,,,,,,,,,,,,,
005/2012,2012.0,CRL/CGRL,Aquisição De Materiais De Consumo (Grupo II),"7,20300001542012E+016",Pregão Eletrônico,13/06/2012,R$ 64.258,0,R$ 26.269,60,13.816.522/0001-08,J2 COMERCIO DE UTILIDADES LTDA," GRUPO II
 J2
 COMERCIO DE UTILIDADES LTDA CNPJ Nº 13.816.522/0001-08
 R$ 26.269,60;",,,,,,,,,,,,,,
005/2012,2012.0,CRL/CGRL,Aquisição De Materiais De Consumo (Grupo III),"7,20300001542012E+016",Pregão Eletrônico,13/06/2012,R$ 42.750,0,R$ 15.790,0,11.932.777/0001-00,INFORMATICA LTDA," GRUPO III
 CNHS INFORMATICA LTDA
 CNPJ CNPJ 11.932.777/0001-00
 R$ 15.790,00",,,,,,,,,,,,,,
005/2012,2012.0,CRL/CGRL,Aquisição De Materiais De Consumo (Grupo IV),"7,20300001542012E+016",Pregão Eletrônico,13/06/2012,R$ 41.414,50,R$ 36.476,50,01.615.228/0001-59,A.I. PRESTACAO DE SERVICOS E REFORMAS EM GERAL," GRUPO IV
 A.I. PRESTACAO DE SERVICOS E REFORMAS EM GERAL CNP 01.615.228/0001-59
 R$ 36.476,50",,,,,,,,,,,,,,
005/2012,2012.0,CRL/CGRL,Aquisição De Materiais De Consumo (Grupo V),"7,20300001542012E+016",Pregão Eletrônico,13/06/2012,R$ 17.995,50,R$ 5.486,0,13.753.287/0001-72,KLX COMERCIO DE ARTIGOS DE PAPELARIA E MATERIAL DE ESCRITÓRIO,"GRUPO V
 KLX COMERCIO DE ARTIGOS DE PAPELARIA E MATERIAL DE ESCRITÓRIO
 CNPJ 13.753.287/0001-72
 R$ 5.486,00",,,,,,,,,,,,,,
005/2012,2012.0,CRL/CGRL,Aquisição De Materiais De Consumo (Grupo VI),"7,20300001542012E+016",Pregão Eletrônico,13/06/2012,R$ 18.063,0,R$ 5.840,50,04.926.832/0001-94,ELI ARMARINHO LTDA ME," GRUPO VI
 ELI ARMARINHO LTDA ME
 CNPJ 04.926.832/0001-94
 R$ 5.840,50",,,,,,,,,,,,,,
005/2012,2012.0,CRL/CGRL,Aquisição De Materiais De Consumo (Grupo VII),"7,20300001542012E+016",Pregão Eletrônico,13/06/2012,R$ 81.078,0,R$ 42.780,0,00.455.659.0001-32,STILOPLAST INDUSTRIA E COMERCIO LTDA,"GRUPO VII
 STILOPLAST INDUSTRIA E COMERCIO LTDA
 CNPJ 00.455.659.0001-32
 R$42.780,00",,,,,,,,,,,,,,
005/2012,2012.0,CRL/CGRL,Aquisição De Materiais De Consumo (Grupo VIII),"7,20300001542012E+016",Pregão Eletrônico,13/06/2012,R$ 5.136,1,R$ 1.536,0,12.473.601.0001-09,ARCO COMERCIO DE PRODUTOS DE PAPELARIA LTDA," GRUPO VIII
 ARCO COMERCIO DE PRODUTOS DE PAPELARIA LTDA
 CNPJ 12.473.601.0001-09
 R$ 1.536,00",,,,,,,,,,,,,,
007/2012,2012.0,COGEP,Contratação De Agente De Integração, Para Fins De Execução Do Estágio,"7,20350003652013E+016",Pregão Eletrônico,,R$ 38.007,36,R$ 6.698,0,07.787.415/0001-04,INSTITUO BLAISE PASCAL,"HOMOLOGADO EM 19.07.2012
 INSTITUO BLAISE PASCAL
 CNPJ Nº07.787.415/0001-04
 R$ 6.698,00",,,,,,,,,,,,,
008/2012,2012.0,CSG/CGRL,Locação De Veículos Para Regiões Do Pais (31/01/2013) (Item 1),72030000225/2012-61,Pregão Eletrônico,24/08/2012,R$ 54.520,0,R$ 54.517,80,06.050.372/0001-09,CM FERREIRA RAMOS  EPP,"HOMOLOGADO EM 24.08.2012
 ITEM I
 CM FERREIRA RAMOS  EPP
 R$ 54.517,80 
 CNPJ 06.050.372/0001-09

 ",,,,,,,,,,,,,,
008/2012,2012.0,CSG/CGRL,Locação De Veículos Para Regiões Do Pais (31/01/2013) (Item 2),72030000225/2012-61,Pregão Eletrônico,24/08/2012,R$ 116.430,0,R$ 116.429,80,10.858.502/0001-01,TATIANNY LOCKS VITORETI ME,"HOMOLOGADO EM 19.07.2012
ITEM 02
TATIANNY LOCKS VITORETI ME
R$ 116.429,80 C
CNPJ 10.858.502/0001-01",,,,,,,,,,,,,,
008/2012,2012.0,CSG/CGRL,Locação De Veículos Para Regiões Do Pais (31/01/2013) (Item 3),72030000225/2012-61,Pregão Eletrônico,24/08/2012,R$ 51.900,0,R$ 116.429,80,02.605.452/0001-22,VIP SERVICE CLUB LOCADORA E SERVIÇOS LTDA,"HOMOLOGADO EM 19.07.2012
ITEM 03
VIP SERVICE CLUB LOCADORA E SERVIÇOS LTDA -CNPJ 02.605.452/0001-22
 R$ 51.900,00",,,,,,,,,,,,,,
008/2012,2012.0,CSG/CGRL,Locação De Veículos Para Regiões Do Pais (31/01/2013) (Item 4),72030000225/2012-61,Pregão Eletrônico,24/08/2012,R$ 317.500,0,R$ 317.500,0,10.858.502/0001-01,TATIANNY LOCKS VITORETI ME,"HOMOLOGADO EM 19.07.2012
ITEM 04
TATIANNY LOCKS VITORETI ME
R$ 317.500,00
CNPJ 10.858.502/0001-01",,,,,,,,,,,,,,
009/2012,2012.0,CGRL,Contratação de empresa para fornecimento de Seguro Total para os veículos da frota oficial do CONTRATANTE, com cobertura contra danos materiais resultantes de sinistros de roubo ou furto, colisão, incêndio, danos causados pela natureza e assistência 24 horas, conforme condições e especificações constantes no Edital e em seus Anexos.,"7,20300002862012E+016",Pregão Eletrônico,31/07/2012,35.388.03,R$ 6.993,15,61.573.796/0001-66,ALLIANZ SEGUROS S/A,"HOMOLOGADOEM 02.08.2012
 ALLIANZ SEGUROS S/A
 CNPJ 61.573.796/0001-66
 R$ 6.993,15",,,,,,,,,,
010/2012,2012.0,SNPTur,Prestação de serviço de confecção e emissão de Crachás de Identificação de Guia de turismo para atender às necessidades do CONTRATANTE em âmbito nacional, de forma continuada e por demanda.,"7,20310016072012E+016",Pregão Eletrônico,27/08/2012,R$ 68.696,37,R$ 67.000,0,11.072.134/0001-34,SIDECARD COMERCIO E SERVICOS DE CARTOES LTDA. ME,"HOMOLOGADOEM 04.09.2012
 SIDECARD COMERCIO E SERVICOS DE CARTOES LTDA. ME
 CNPJ nº11.072.134/0001-34
 R$ 67.000,00",,,,,,,,,,,,,
011/2012,2012.0,CGRL,Prestação de serviços no fornecimento e entrega diária de jornais e revistas, bem como o fornecimento das senhas de acesso on line de todos os periódicos que disponibilizem esse serviço, conforme quantidade e especificações descritas no Edital e seus Anexos, a ser prestado para o CONTRATANTE.,"7,20310062482013E+016",Pregão Eletrônico,20/09/2012,R$ 60.000,0,R$ 42.800,0,14.860.358/0001-07,SAMIO BANDEIRA  ME,"HOMOLOGADOEM 08.10.2012
 SAMIO BANDEIRA  ME
 CNPJ Nº 14.860.358/0001-07
 R$ 42.800,00",,,,,,,,,,,
012/2012,2012.0,SNPTur,Registro de Preços para eventual contratação de empresa especializada na prestação de serviços de organização de eventos, envolvendo as atividades correlacionadas e de suporte para organização e execução das Reuniões Ordinárias do Conselho Nacional de Turismo, conforme condições e especificações constantes do Edital e em seus Anexos.,"7,20300003662013E+016",Pregão Eletrônico,22/10/2012,R$ 122.977,82,R$ 55.068,20,10.469.957/0001-35,ABELHA EVENTOS LTDA  ME,"HOMOLOGADOEM 31.10.2012
 ABELHA EVENTOS LTDA  ME
 CNPJ Nº 10.469.957/0001-35
 R$ 55.068,20",,,,,,,,,,,,
013/2012,2012.0,CGRL,Contratação de empresa especializada na prestação de serviço de fornecimento de carimbos, por demanda, para atender as necessidades do Ministério do Turismo, em Brasília-DF, conforme especificações e quantidades constantes do Edital e seus Anexos, a ser prestado para o CONTRATANTE.,"7,20300004352013E+016",Pregão Eletrônico,10/12/2012,R$ 26.256,94,R$ 23.204,0,72.649.361/0001-74,HBL CARIMBOS E PLACAS INDUSTRIA E COMERCIO LTDA  ME,"HOMOLOGADOEM 13.12.20122
 HBL CARIMBOS E PLACAS INDUSTRIA E COMERCIO LTDA  ME
 CNPJ 72.649.361/0001-74
 R$ 23.204,00",,,,,,,,,
001/2013,2013.0,CRL,Combustivel,72030000010/2013-21,Pregão Eletrônico,22/03/2013,R$ 144.370,0,R$ 130.206,74,00.097.626/0001-68,BRASAL  COMBUSTIVEIS LTDA,"HOMOLOGADO
25/03/2013
 3 ITENS
 BRASAL  COMBUSTIVEIS LTDA
 CNPJ 00.097.626/0001-68
 % DESCONTO
 D= 1,21
 E= 6,04
 G= 11.13",,,,,,,,,,,,,,
002/2013,2013.0,CGTI,Contratação de Prestação de Serviços de Telecomunicações com fornecimento de Circuito de Comunicação de Dados ponto a ponto e de acesso Dedicado à Internet em alta disponibilidade para o Ministério do Turismo e Embratur, por item, conforme Edital e seus anexos (Itens 1, 2 E 3),72030000459/2012-17,Pregão Eletrônico,23/04/2013,R$ 1.145.787,71,R$ 133.798,5,04.622.116/0001-13,EMPRESA BRASILEIRA DE TELECOMUNICACOES S A - EMBRATEL,"HOMOLOGADO
 26/04/2013
 EMBRATEL:  Itens 1, 2 e 3. 
 R$ 133.798,05
",,,,,,,,,,,
002/2013,2013.0,CGTI,Contratação de Prestação de Serviços de Telecomunicações com fornecimento de Circuito de Comunicação de Dados ponto a ponto e de acesso Dedicado à Internet em alta disponibilidade para o Ministério do Turismo e Embratur, por item, conforme Edital e seus anexos (Itens 4 E 5),72030000459/2012-17,Pregão Eletrônico,23/04/2013,R$ 655.157,1,R$ 165.100,0,04.622.116/0001-13,CTBC MULTIMIDIA DATA NET S/A,"HOMOLOGADO
26/04/2013
Itens 4 e 5  CTBC
R$ 165.100,00
Total - R$ 298.898,05
",,,,,,,,,,,,
003/2013,2013.0,CGTI,Cessão de direito de uso de licenças de softwares da plataforma Microsoft, na modalidade Enterprise Agreement Subriscription (EAS) anual, com os benefícios do Software Assurance (SA), para as estações de trabalho e para os equipamentos servidores,72030000526/2012-95,Pregão Eletrônico,15/04/2013,R$ 1.778.987,47,R$ 1.775.000,0,00.710.799/0001-00,ALLEN RIO INFORMÁTICA LTDA,"HOMOLOGADO
 22/04/2013
 ALLEN RIO INFORMÁTICA LTDA
 CNPJ Nº00.710.799/0001-00
 R$ 1.775.000,00",,,,,,,,,,,
004/2013,2013.0,SNPDTur,Contratação de empresa especializada na prestação de serviços de organização de eventos, contemplando as atividades correlacionadas e de suporte à organização e execução do Encontro Nacional do Turismo, nos dias 15 e 16 de maio de 2013, por demanda, conforme Edital e seus Anexos,72031.002124/2013,Pregão Eletrônico,10/05/2013,R$ 80.726,62,R$ 59.379,80,12.523.311/0001-14,LR10 PRODUCOES E LOGISTICA LTDA  ME,"HOMOLOGADO
 13.05.2013
 LR10 PRODUCOES E LOGISTICA LTDA  ME
 CNPJ12.523.311/0001-14
 R$59.379,80",,,,,,,,,,
005/2013,2013.0,CSG/CGRL,Prestação De Serviços Continuados De Manutenção De Veículos Automotores, Por Demanda, Com Fornecimento De Peças De Reposição E Acessórios Originais,720300001942/013-00,Pregão Eletrônico,27/06/2013,R$ 140.000,0,R$ 59.945,0,00.850.172/0001-54,LAICOM COMERCIO E SERVICOS LTDA  ME,"HOMOLOGADO
 04.07.2013
 LAICOM COMERCIO E SERVICOS LTDA  ME
 CNPJ 00.850.172/0001-54
 R$ 59.945,00",,,,,,,,,,,,
006/2013,2013.0,CGMA, Registro de Preços para contratação eventual de empresa especializada na prestação de serviços de organização de eventos, envolvendo as atividades correlacionadas e de suporte para organização e execução das Reuniões Ordinárias do Conselho Nacional de Turismo, conforme condições e especificações constantes do Edital e em seus Anexos,72031000835/2013-36,Pregão Eletrônico RP,12/06/2013,R$ 135.276,60,R$ 80.149,0,01.393.179/0001-57,DIAMOND-PROMOÇÕES E EVENTOS LTDA-EPP,"HOMOLOGADO
 13/06/2013
 DIAMOND-PROMOÇÕES E EVENTOS LTDA-EPP
 CNPJ 01.393.179/0001-57
 R$ 80.149,00",,,,,,,,,,,,
007/2013,2013.0,CGRL,Contratação de empresa especializada para prestação de serviços de Telefonia Móvel Pessoal SMP, para comunicação de voz e dados, com fornecimento de aparelhos em regime de comodato, por demanda, conforme condições e especificações presentes neste Edital e seus anexos, para o perfil de tráfego estimado - ITEM 01,72030000175/2013-01,Pregão Eletrônico,20/11/2013,R$ 3.454.566,40,R$ 1.005.385,30,40.432.544/0001-47,CLARO S.A,"HOLMOLOGADO
 04.12.2012
 ITEM I
 CLARO S.A
 CNPJ Nº40.432.544/0001-47
 R$ 1.005.385,30
",,,,,,,,,
007/2013,2013.0,CGRL,Contratação de empresa especializada para prestação de serviços de Telefonia Móvel Pessoal SMP, para comunicação de voz e dados, com fornecimento de aparelhos em regime de comodato, por demanda, conforme condições e especificações presentes neste Edital e seus anexos, para o perfil de tráfego estimado - ITEM 02,72030000175/2013-01,Pregão Eletrônico,20/11/2013,R$ 339.967,50,R$ 188.246,80,33.530.486/0001-29,EMPRESA BRASILEIRA DE TELECOMUNICACOES S A EMBRATEL,"HOLMOLOGADO
 04.12.2012
 Item II
 EMPRESA BRASILEIRA DE TELECOMUNICACOES S A EMBRATEL
 CNPJ 33.530.486/0001-29
 R$188.246,80",,,,,,,,,
008/2013,2013.0,CGTI, Aquisição de 340 microcomputadores (desktops), conforme condições e especificações constantes no Edital e em seus Anexos,72030000209/2013-50,Pregão Eletrônico,04/07/2013,R$ 1.246.326,67,R$ 649.988,20,81.243.735/0001-48,POSITIVO INFORMATICA S/A,"HOLMOLOGADO
 10/07/2013
 POSITIVO INFORMÁTICA
 CNPJ 81.243.735/0001-48
 R$ 649.988,21",,,,,,,,,,,,,
010/2013,2013.0,CRL,Registro de Preços para eventual aquiisição de materiais de consumo - Grupo 1,72030000262/2013-51,Pregão Eletrônico RP,16/08/2013,R$ 115.321,90,R$ 74.042,70,04.522.053/0001-23,POLYCOMERCIO E SERVICOS LTDA  EPP,"HOMOLOGADO
 02/09/2013
 GRUPO I
 POLYCOMERCIO E SERVICOS LTDA  EPP
 CNPJ 04.522.053/0001-23
 R$ 74.042,70
 
 
 
 
 

 
 
 

 
 

 
",,,,,,,,,,,,,,
010/2013,2013.0,CRL,"Registro de Preços para eventual aquiisição de materiais de consumo - Grupo 2
 ",72030000262/2013-51,Pregão Eletrônico RP,16/08/2013,R$ 13.772,50,R$ 10.869,0,03.485.146/0001-62,TEXPEL COMERCIO DE MATERIAL DE EXPEDIENTE E SERVICOS LT,"HOMOLOGADO
 10/07/2013
GRUPO II
 TEXPEL COMERCIO DE MATERIAL DE EXPEDIENTE E SERVICOS LT
 CNPJ 03.485.146/0001-62
 R$ 10.869,00",,,,,,,,,,,,,,
010/2013,2013.0,CRL,"Registro de Preços para eventual aquiisição de materiais de consumo - Grupo 3
",72030000262/2013-51,Pregão Eletrônico RP,16/08/2013,R$ 13.257,0,R$ 8.085,0,10.336.598/0001-48,RT COMERCIO E SERVICOS LTDA - ME,"HOLMOLOGADO
 10/07/2013
GRUPO III
 RT COMERCIO E SERVICOS LTDA - ME
 CNPJ10.336.598/0001-48
 R$ 8.085,00",,,,,,,,,,,,,,
010/2013,2013.0,CRL,Registro de Preços para eventual aquiisição de materiais de consumo - Grupo 4,72030000262/2013-51,Pregão Eletrônico RP,16/08/2013,R$ 9.878,50,R$ 9.871,50,18,387,009/0001-62,INFORGERAIS EIRELI - ME," HOMOLOGADO
 10/07/2013
GRUPO IV
 INFORGERAIS EIRELI - ME
 CNPJ18,387,009/0001-62
 R$ 9.871,50",,,,,,,,,,,,
010/2013,2013.0,CRL,Registro de Preços para eventual aquiisição de materiais de consumo - Grupo 5,72030000262/2013-51,Pregão Eletrônico RP,16/08/2013,R$ 41.540,0,R$ 21.525,0,11.932.777/0001-00,CNHS INFORMATICA LTDA  ME,"HOMOLOGADO
10/07/2013
GRUPO V
CNHSINFORMATICA LTDA  ME
CNPJ11.932.777/0001-00
R$ 21.525,00",,,,,,,,,,,,,,
010/2013,2013.0,CRL,Registro de Preços para eventual aquiisição de materiais de consumo - Grupo 6,72030000262/2013-51,Pregão Eletrônico RP,16/08/2013,R$ 116.810,0,R$ 48.047,90,00.694.534/0001-65,WJ GRAFICA EDITORA E PAPELARIA LTDA  ME,"HOMOLOGADO
10/07/2013
GRUPO VI
WJ GRAFICA EDITORA E PAPELARIA LTDA  ME
CNPJ 00.694.534/0001-65
R$ 48.047,90",,,,,,,,,,,,,,
010/2013,2013.0,CRL,Registro de Preços para eventual aquiisição de materiais de consumo - Grupo 7,72030000262/2013-51,Pregão Eletrônico RP,16/08/2013,R$ 2.175,0,,,(DESERTO),"GRUPO VII
 (DESERTO)
 ",,,,,,,,,,,,,,,
010/2013,2013.0,CRL,Registro de Preços para eventual aquiisição de materiais de consumo - Grupo 8,72030000262/2013-51,Pregão Eletrônico RP,16/08/2013,R$ 3.329,60,R$ 2.859,60,92.067.073/0001-19,TAVI PAPELARIA MATERIAIS DE ESCRITORIO E INFORMATICA LTDA,"HOMOLOGADO
10/07/2013
GRUPO VIII
TAVI PAPELARIA MATERIAIS DE ESCRITORIO E INFORMATICA LT
CNPJ 92.067.073/0001-19
R$ 2.859,60",,,,,,,,,,,,,,
010/2013,2013.0,CRL,Registro de Preços para eventual aquiisição de materiais de consumo - Grupo 9,72030000262/2013-51,Pregão Eletrônico RP,16/08/2013,R$ 75.054,0,R$ 46,630,0,00.455.659/0001-32,STILOPLAST INDUSTRIA E COM CNPJ ,"HOMOLOGADO
10/07/2013
GRUPO IX
STILOPLAST INDUSTRIA E COM CNPJ 00.455.659/0001-32 ERCIO LTDA - EPP
R$ 46,630,00
Total - R$ 221.930,70",,,,,,,,,,,,,
013/2013,2013.0,CSG/CRL,Contratação de empresa para fornecimento de SEGURO TOTAL, para os veículos da frota oficial do Ministério do Turismo, com cobertura contra danos materiais resultantes de sinistros de roubo ou furto, colisão, incêndio, danos causados pela natureza e assistência 24 horas, conforme condições e especificações constantes do Edital e seus Anexos.,72030000384/2013-47,Pregão Eletrônico,06/09/2013,R$ 24.926,30,R$ 5.270,0,61.074.175/0001-38,MAPFRE SEGUROS GERAIS S.A,"HOMOLOGADO
10/09/2013
MAPFRE SEGUROS GERAIS S.A.
CNPJ 61.074.175/0001-38
R$ 5.270,00",,,,,,,,
015/2013,2013.0,CSG/CGRL,Contratação De Empresa Distribuidora, Administradora, Ou Do Comércio Varejista De Combustíveis, Para Fornecimento De: Item 01) Diesel, Item 02) Etanol E Item 03) Gasolina Comum, Para Abastecimento Dos Veículos Oficiais E Do Grupo Gerador De Energia Elétrica Emergencial Do Ministério Do Turismo, Por Demanda (Item 1),"7,20300005432013E+016",Pregão Eletrônico,12/12/2013,R$ 10.455,12,R$ 11.300,0,00.097.626/0001-68,BRASAL COMBUSTIVEIS LTDA,"HOMOLOGADA
 13.12.2013
 ITEM I
 BRASAL COMBUSTIVEIS LTDA
 CNPJ 00.097.626/0001-68
 R$ 11.300,00

",,,,,,,,
015/2013,2013.0,CSG/CGRL,Contratação De Empresa Distribuidora, Administradora, Ou Do Comércio Varejista De Combustíveis, Para Fornecimento De: Item 01) Diesel, Item 02) Etanol E Item 03) Gasolina Comum, Para Abastecimento Dos Veículos Oficiais E Do Grupo Gerador De Energia Elétrica Emergencial Do Ministério Do Turismo, Por Demanda (Item 2),"7,20300005432013E+016",Pregão Eletrônico,12/12/2013,R$ 43.568,28,R$ 43.577,0,00.097.626/0001-68,BRASAL COMBUSTIVEIS LTDA,"HOMOLOGADA
 13.12.2013
 ITEM II
 BRASAL COMBUSTIVEIS LTDA
 CNPJ 00.097.626/0001-68
 R$ 43.577,00",,,,,,,,
015/2013,2013.0,CSG/CGRL,Contratação De Empresa Distribuidora, Administradora, Ou Do Comércio Varejista De Combustíveis, Para Fornecimento De: Item 01) Diesel, Item 02) Etanol E Item 03) Gasolina Comum, Para Abastecimento Dos Veículos Oficiais E Do Grupo Gerador De Energia Elétrica Emergencial Do Ministério Do Turismo, Por Demanda (Item 3),"7,20300005432013E+016",Pregão Eletrônico,12/12/2013,R$ 63.562,20,R$ 66.000,0,00.097.626/0001-68,BRASAL COMBUSTIVEIS LTDA,"HOMOLOGADA
 13.12.2013
 BRASAL COMBUSTIVEIS LTDA
 CNPJ 00.097.626/0001-68
 R$ 66.715,00",,,,,,,,
016/2013,2013.0,CGTI, Aquisição de ativos de rede abrangendo a instalação e a garantia on-site visando atender as demandas do órgão, conforme condições e especificações técnicas descritas neste Edital e em seus anexos.,"7,20300004532013E+016",Pregão Eletrônico,17/12/2013,R$ 3.496.160,71,R$ 3.027.336,0,04.610.386/0001-04,WORK LINK INFORMATICA LTDA,"HOMOLOGADO
 26.12.2013
 WORK LINK INFORMATICA LTDA, CNPJ 04.610.386/0001-04
 R$ 3.027.336,00",,,,,,,,,,,,,
017/2013,2013.0,GCTI,Contratação de empresa especializada para fornecimento de equipamento de firewall do tipo Appliance incluindo a atualização tecnológica, suporte técnico e garantia para atender as necessidades do MTur, conforme condições e especificações técnicas descritas no Edital e seus anexos,"7,20450002532013E+016",Pregão Eletrônico,18/12/2013,R$ 333.333,34,R$ 313.750,0,03.017.428/0001-35,NCT INFORMATICA LTDA,,"HOMOLOGADO 20.12.2013
 NCT INFORMATICA LTDA,
 CNPJ 03.017.428/0001-35
 R$ 313.750,0000",,,,,,,,,,,
018/2013,2014.0,"CGRL/
 CEOF", Contratação de empresa especializada na prestação de serviços de Agenciamento de Viagens que compreende os serviços de emissão, remarcação e cancelamento de passagens aéreas nacionais e internacionais, bem como a emissão de Seguro Internacional de Saúde (Seguro Viagem), para atender às necessidades de deslocamentos dos servidores, convidados e colaboradores eventuais do Órgão quando em viagem a serviço, por meio de posto de atendimento da empresa vencedora a ser instalado no MTur,72030000421/2013-17,Pregão Eletrônico,27/01/2014,R$ 1.803.759,60,R$ 1.800.304,0,26.423.228/0001-88,APOLO AGENCIA DE VIAGENS E TURISMO LTDA - EPP ,"HOMOLOGADA
 31/01/2014
 APOLO AGÊNCIA DE VIAGEM
 CNPJ 26.423.228/0001-88
 R$ 1.800.304,00",,,,,,,,,
001/2014,2014.0,CGCI,Contratação de empresa especializada na prestação de serviço de confecção e emissão de crachás de identificação de Guia de Turismo para atender às necessidades do Ministério do Turismo em âmbito nacional, de forma continuada e por demanda.,72031007221/2013-85,Pregão Eletrônico,22/01/2014,R$ 106.488,0,R$ 43.500,0,11.994.821/0001-07,LEVIT-COMÉRCIO, IMPORTAÇÃO E EXPORTAÇÃO DE PRODUTOS,"HOMOLOGADA
 31/01/2014
 LEVIT-COMÉRCIO, IMPORTAÇÃO E EXPORTAÇÃO DE PRODUTOS
 CNPJ 11.994.821/0001-07
 R$ 43.500,00",,,,,,,,,,,,
003/2014,2014.0,CRL,Contratação de empresa especializada na prestação de serviços de locação de veículos, para transporte de pessoal, com motorista, combustível e seguro total (sem franquia), de forma continuada, por demanda, para atender às necessidades do CONTRATANTE em regiões brasileiras, sendo para seguintes grupos: Grupo 01  ,72030000075/2014-58,Pregão Eletrônico,19/05/2014,R$ 272.060,0,R$ 294.150,0,69.607.729/0001-27,J J E SILVA EPP,"HOMOLOGADA
 06/06//2014
 GRUPO I
 J J E SILVA EPP
 CNPJ69607729000127
 R$ 294.150,00
 
 
                                                                                                
                                                                                                      ",,,,,,,
003/2014,2014.0,CRL,Contratação de empresa especializada na prestação de serviços de locação de veículos, para transporte de pessoal, com motorista, combustível e seguro total (sem franquia), de forma continuada, por demanda, para atender às necessidades do CONTRATANTE em regiões brasileiras, sendo para seguintes grupos: Grupo 02  ,72030000075/2014-58,Pregão Eletrônico,19/05/2014,R$ 124.860,0,R$ 117.800,0,02.605.452/0001-22,VIP SERVICECLUB LOCADORA E SERVICOS LTDA,"HOMOLOGADA
06/06//2014
GRUPO II
VIP SERVICECLUB LOCADORA E SERVICOS LTDA
 CNPJ 02.605.452/0001-22
 R$ 117.800,00 ",,,,,,,
003/2014,2014.0,CRL,Contratação de empresa especializada na prestação de serviços de locação de veículos, para transporte de pessoal, com motorista, combustível e seguro total (sem franquia), de forma continuada, por demanda, para atender às necessidades do CONTRATANTE em regiões brasileiras, sendo para seguintes grupos: Grupo 03  ,72030000075/2014-58,Pregão Eletrônico,19/05/2014,R$ 618.500,0,R$ 618.357,40,08.295.197/0001-45,G.L. TRANSPORTADORA E SERVICOS LTDA - ME ,"HOMOLOGADA
06/06//2014
GRUPO III  
G.L. TRANSPORTADORA E SERVICOS LTDA - ME
 CNPJ 08.295.197/0001-45
 R$ 618.357,40",,,,,,,
003/2014,2014.0,CRL,Contratação de empresa especializada na prestação de serviços de locação de veículos, para transporte de pessoal, com motorista, combustível e seguro total (sem franquia), de forma continuada, por demanda, para atender às necessidades do CONTRATANTE em regiões brasileiras, sendo para seguintes grupos: Grupo 04  ,72030000075/2014-58,Pregão Eletrônico,19/05/2014,R$ 135.010,0,R$ 134.948,50,06.320.095/000-107,UNIQUE RENT A CAR LOCADORA DE VEICULOS LTDA,"GRUPO IV
 UNIQUE RENT A CAR LOCADORA DE VEICULOS LTDA
 CNPJ 06.320.095/000-107
 R$ 134.948,50",,,,,,,
004/2014,2014.0,CGTI,Contratação de empresa especializada para ampliação, atualização, virtualização e suporte técnico da solução de Telefonia VoIP do Ministério do Turismo, conforme especificações técnicas descritas neste Edital e seus anexos.,72045000027/2014-09,Pregão Eletrônico,16/05/2014,R$ 552.378,19,R$ 536.540,0,67.071.001/0003-60,UNIFY SOLUÇÕES EM TECNOLOGIA DA INFORMAÇÃO,"HOMOLOGADA
 28/05/2014
 UNIFY
 SOLUÇÕES EM TECNOLOGIA DA INFORMAÇÃO
 CNPJ 67.071.001/0003-60
 R$536.540,0000",,,,,,,,,,,
005/2014,2014.0,CGCNT,"Contratação de empresa especializada na prestação de serviços de organização de eventos, envolvendo as etapas correlacionadas de planejamento, coordenação, suporte à execução das Reuniões Ordinárias do Conselho Nacional de Turismo, a serem realizadas em datas que serão agendadas no decorrer de 2014 e previamente comunicadas à empresa para providencias quanto ao devido atendimento aos itens priorizados, conforme Edital e seus Anexos
 Conselho
 Nacional De
 Turismo",72031000968/2014-93,Pregão Eletrônico,14/05/2014,R$ 230.805,44,R$ 172.500,0,08.973.746/0001-93,MCT RIBEIRO EVENTOS LTDA - ME,"HOMOLOGADO
 23/05/2014
 MCT RIBEIRO EVENTOS LTDA - ME
 CNPJ08.973.746/0001-93
 R$ 172.500,00",,,,,,,,,,,,,,
007/2014,2014.0,CRL,Contratação de empresa especializada na prestação de serviços de apoio as atividades administrativas de vigilância armada e desarmada, por demanda, a serem executados de forma contínua, conforme condições, quantidades e exigências estabelecidas no Edital e seus Anexos     ,72030000236/2014-11,Pregão Eletrônico,15/08/2014,R$ 1.362.045,90,R$ 1.205.480,16,08.875.253/0001-10,ASC SERVICE SEGURANCA LTDA,"HOMOLOGADA
 11.09.2014
 ASC SERVICE SEGURANCA LTDA, CNPJ 08.875.253/0001-10
 R$ 1.205.480,16",,,,,,,,,,
008/2014,2014.0,ASCOM,"Aquisição de máquina fotográfica profissional, lentes e equipamentos auxiliares com as devidas garantias, conforme definido no Edital e seus Anexos.
 Maquina Fotográfica",72031004728/2014-68,Pregão Eletrônico,01/10/2014,R$ 41.236,95,R$ 23.464,0,04.569.769/0001-86,FOTOTECNICA DIGITAL LTDA,"HOMOLOGADA
 08/10/2014
 FOTOTECNICA DIGITAL LTDA
 CNPJ 04.569.769/0001-86
 R$ 23.464,00",,,,,,,,,,,,,,
009/2014,2014.0,CSG,Contratação de empresa especializada na prestação de serviços de limpeza, conservação e asseio, incluindo-se o fornecimento de todo o material de consumo e demais equipamentos necessários, por demanda, a serem executados de forma continua, no âmbito do Ministério do Turismo, conforme condições, quantidades e exigências estabelecidas no Edital e seus Anexos,"7,20300001752015E+016",Pregão Eletrônico,13/10/2014,R$ 938.784,24,R$ 675.600,0,00.087.163/0001-53,APECE SERVICOS GERAIS LTDA,"HOMOLOGADA
 24/10/2014
 APECE SERVICOS GERAIS LTDA
 CNPJ 00.087.163/0001-53
 R$ 675.600,00",,,,,,,
010/2014,,CRL,"Contratação de empresa distribuidora, administradora, ou do comércio varejista de combustíveis, para fornecimento de: Item 01) diesel, Item 02) etanol e Item 03) gasolina comum, para abastecimento dos Veículos Oficiais e do Grupo Gerador de Energia Elétrica Emergencial do Ministério do Turismo, por demanda, conforme quantidade e especificações descritas no Edital e seus Anexos
 Combustivel",72030000445/2014-57,Pregão Eletrônico,18/11/2014,R$ 126.301,80,R$ 139.858,6,16.734.029/0001-37,FAST FLEET GESTÃO DE FROTAS LTDA,"HOMOLOGADA
 27/11/2014
 FAST FLEET GESTÃO DE FROTAS LTDA
 CNPJ 16.734.029/0001-37
 R$ 139.858,06",,,,,,,,,,,,,,
011/2014,2014.0,CGTI,"Contratação de empresa especializada em prestação de serviços de gestão, operação, administração, projeto, implementação, implantação, treinamento, suporte técnico e operacional aos servidores e colaboradores da instituição, atendimento a turistas e cidadãos em geral, através de atendimento receptivo e ativo da Central de Atendimento do Ministério do Turismo ? MTur nas formas eletrônica e humana, assim como serviços especializados por demanda, abrangendo instalações físicas, infraestrutura de engenharia de redes locais de computadores e rede interna (elétrica e cabeamento estruturado), disponibilização e sustentação dos sistemas informatizados para gestão dos atendimentos, adequações ambientais, engenharia de telecomunicações (equipamentos da plataforma de comunicação de voz e integração CTI - Computer Telephony Integration), equipamentos, aplicativos (hardware e software), mobiliário, recursos humanos e demais recursos necessários à prestação dos serviços, de acordo com as condições expressas no Edital e em seus anexos, visando atender as demandas do MTur
 0800",72045000261/2014-28,Pregão Eletrônico,21/11/2014,R$ 9.828.755,52,R$ 9.286.717,44,24.935.454/0001-12,TELLUS S.A. INFORMÁTICA E TLECOMUNICAÇÕES,"HOMOLOGADA
 28/11/2014
 TELLUS S.A. INFORMÁTICA E TLECOMUNICAÇÕES
 CNPJ 24.935.454/0001-12
 R$ 9.286.717,44",,,,,,,,,,,,,,
012/2014,2014.0,CRL,"Contratação de empresa especializada na prestação de serviços de apoio às atividades administrativas, por demanda, a serem executados de forma contínua, no âmbito do Ministério do Turismo, sendo para os seguintes itens: ITEM 01 - copeiras, garçons e encarregado geral
 Recepcionista/Office Boy-Continuo",72030000228/2014-67,Pregão Eletrônico,08/09/2014,R$ 1.431.649,92,R$ 1.294.354,0,02.961.711/0001-58,ASC SERVIÇOS PROFISSIONAIS LTDA,"HOMOLOGADA
 09/03/2015
 ITEM 1 
 HOMOLOGADO
 09.03.4015
 ASC SERVIÇOS PROFISSIONAIS LTDA
 CNPJ02.961.711/0001-58
 R$1.294.354,00
",,,,,,,,,,,,,,
012/2014,2014.0,CRL,Contratação de empresa especializada na prestação de serviços de apoio às atividades administrativas, por demanda, a serem executados de forma contínua, no âmbito do Ministério do Turismo, sendo para os seguintes itens: ITEM 02, recepcionistas, Office Boy/Contínuo e encarregado geral,72030000228/2014-67,Pregão Eletrônico,08/09/2014,R$ 1.658.350,8,R$ 1.440.000,0,01.708.458/0001-62,VISÃO ADMINISTRAÇÃO E CONSTRUÇÃO LTDA,"HOMOLOGADA
09/03/2015 
ITEM 2
VISÃO ADMINISTRAÇÃO E CONSTRUÇÃO LTDA
CNPJ 01.708.458/0001-621.440.000,00
",,,,,,,,
013/2014,2014.0,CGTI/DEPES,Software Estatistico,72045000173/2014-26,Pregão Eletrônico,29/12/2014,R$ 294.630,31,R$ 278.320,70,02.552.009/0001-30,DMSS SOFTWARE LTDA,"HOMOLOGADA
 07.01.2015
 DMSS SOFTWARE LTDA
 CNPJ 02.552.009/0001-30
 R$ 278.320,70",,,,,,,,,,,,,,
001/2015,2015.0,CGTI,Contratação de serviços de atualização de licenças, incluindo assistência técnica, para solução integrada de segurança McAFee, conforme especificações descritas no Edital e seus Anexos.,72045000316/2014-08,Pregão Eletrônico,23/02/2015,R$ 336.716,67,R$ 333.000,0,03.476.184/0001-59,NETSAFE CORP LTDA,"HOMOLOGADA
24/02/2015
NETSAFE CORP LTDA
CNPJ 03.476.184/0001-59
R$ 333.000,00",,,,,,,,,,,
002/2015,2015.0,ASCOM,"Contratação de empresa especializada em Clipping de Vídeo para prestação dos serviços de fornecimento de assinatura de um Banco de Dados atualizado diariamente, contendo imagens, som e textos, conforme especificações descritas no Edital e seus anexos
 Televisivo",72030000458/2014-26,Pregão Eletrônico,24/02/2015,R$ 130.000,0,R$ 94.500,0,01.658.889/0001-61,CLIP E CLIPPING LTDA EPP,"HOMOLOGADA
27/02/2015
CLIP E CLIPPING LTDAEPP
CNPJ 01.658.889/0001-61
R$ 94.500,00",,,,,,,,,,,,,,
003/2015,2015.0,CRL,Aquisição de Materiais de Consumo, por grupo, para atender as necessidades do Ministério do Turismo, conforme condições e especificações constantes do Edital e em seus Anexos (GRUPO I),"7,20300004162015E+016",Pregão Eletrônico,06/03/2015,R$ 225.227,30,R$ 204.014,80,05.383.313/0001-90,NOGUEIRA NOBRE COMERCIO E SERVICOS LTDA  ME,"HOMOLOGADO 23.03.2015
GRUPO I
NOGUEIRA NOBRE COMERCIO E SERVICOS LTDA  ME
CNPJ 05.383.313/0001-90 
R$ 204.014,80
 
 
 
 ",,,,,,,,,,,
003/2015,2015.0,CRL,Aquisição de Materiais de Consumo, por grupo, para atender as necessidades do Ministério do Turismo, conforme condições e especificações constantes do Edital e em seus Anexos (GRUPO II),"7,20300004162015E+016",Pregão Eletrônico,06/03/2015,R$ 18.181,0,R$ 10.977,50,05.383.313/0001-90,GLOBAL COMERCIO ATACADISTA DE ARTIGOS DE PAPELARIA LTDA,"HOMOLOGADO 23.03.2015
GRUPO II
GLOBAL COMERCIO ATACADISTA DE ARTIGOS DE PAPELARIA LTDA
CNPJ 05.383.313/0001-90
R$ 10.977,50",,,,,,,,,,,
003/2015,2015.0,CRL,Aquisição de Materiais de Consumo, por grupo, para atender as necessidades do Ministério do Turismo, conforme condições e especificações constantes do Edital e em seus Anexos (GRUPO III),"7,20300004162015E+016",Pregão Eletrônico,06/03/2015,R$ 19.899,0,R$ 10.977,0,07.522.273/0001-45,GLOBAL COMERCIO ATACADISTA DE ARTIGOS DE PAPELARIA LTDA,"HOMOLOGADO 23.03.2015
GRUPO III
GLOBAL COMERCIO ATACADISTA DE ARTIGOS DE PAPELARIA LTDA 
CNPJ 07.522.273/0001-45 
R$ 10.977,00 ",,,,,,,,,,,
003/2015,2015.0,CRL,Aquisição de Materiais de Consumo, por grupo, para atender as necessidades do Ministério do Turismo, conforme condições e especificações constantes do Edital e em seus Anexos (GRUPO V),"7,20300004162015E+016",Pregão Eletrônico,06/03/2015,R$ 90.370,0,R$46.640,0,10.986.234/0001-03,TOTAL DISTRIBUIDORA E ATACADISTA LTDA. - EPP ,"HOMOLOGADO 23.03.2015
GRUPO V TOTAL DISTRIBUIDORA E ATACADISTA LTDA.  EPP 
CNPJ 10.986.234/0001-03 
R$ 46.640,00",,,,,,,,,,,
003/2015,2015.0,CRL,Aquisição de Materiais de Consumo, por grupo, para atender as necessidades do Ministério do Turismo, conforme condições e especificações constantes do Edital e em seus Anexos (GRUPO VI),"7,20300004162015E+016",Pregão Eletrônico,06/03/2015,R$ 63.778,0,R$26.001,50,00.446.039/0001-37,PROGRAF PRODUTOS GRAFICOS LTDA,"HOMOLOGADO 23.03.2015
GRUPO VI PROGRAF PRODUTOS GRAFICOS LTDA - EPP 
CNPJ 00.446.039/0001-37 
R$ 26.001,50 ",,,,,,,,,,,
003/2015,2015.0,CRL,Aquisição de Materiais de Consumo, por grupo, para atender as necessidades do Ministério do Turismo, conforme condições e especificações constantes do Edital e em seus Anexos (GRUPO VII),"7,20300004162015E+016",Pregão Eletrônico,06/03/2015,R$ 6.165,0,R$2.483,0,07.522.273/0001-45,GLOBAL COMERCIO ATACADISTA DE ARTIGOS DE PAPELARIA LTDA,"HOMOLOGADO 23.03.2015
GRUPO VII GLOBAL COMERCIO ATACADISTA DE ARTIGOS DE PAPELARIA LTDA 
CNPJ 07.522.273/0001-45 
R$ 2.483,00",,,,,,,,,,,
003/2015,2015.0,CRL,Aquisição de Materiais de Consumo, por grupo, para atender as necessidades do Ministério do Turismo, conforme condições e especificações constantes do Edital e em seus Anexos (GRUPO VIII),"7,20300004162015E+016",Pregão Eletrônico,06/03/2015,R$ 91.259,0,R$52.709,0,03.890.611/0001-40,LINHA BRASIL PLASTICOS EIRELI  ME,"HOMOLOGADO 23.03.2015
GRUPO VIII LINHA BRASIL PLASTICOS EIRELI  ME 
CNPJ03.890.611/0001-40 
R$ 52.709,00",,,,,,,,,,,
003/2015,2015.0,CRL,Aquisição de Materiais de Consumo, por grupo, para atender as necessidades do Ministério do Turismo, conforme condições e especificações constantes do Edital e em seus Anexos (GRUPO IX),"7,20300004162015E+016",Pregão Eletrônico,06/03/2015,R$ 9.598,0,R$4.226,0,05.383.313/0001-90,NOGUEIRA NOBRE COMERCIO E SERVICOS LTDA  ME,"HOMOLOGADO 23.03.2015
GRUPO IX NOGUEIRA NOBRE COMERCIO E SERVICOS LTDA  ME 
CNPJ 05.383.313/0001-90 
R$ 4.226,00",,,,,,,,,,,
004/2015,2015.0,CGTI,Contratação de solução em proteção contra ataques de negação de serviço distribuído - DDoS, incluindo instalação, configuração e suporte técnico, conforme especificações descritas no Edital e seus anexos.,72045000310/2014-22,Pregão Eletrônico,18/03/2015,R$ 1.220.860,0,R$ 1.220.500,0,08.437.917/0001-60,TTI INFORMATICA REPRESENTACAO E CONSULTORIA LTDA  ME,"HOMOLOGADA
 15.04.2015
 TTI INFORMATICA REPRESENTACAO E CONSULTORIA LTDA  ME
 CNPJ 08.437.917/0001-60
 R$ 1.220.500,00",,,,,,,,,,,
005/2015,2015.0,CGCNT/DEPROD,"Contratação de empresa especializada na prestação de serviços de organização de eventos, envolvendo as etapas correlacionadas de planejamento, coordenação, organização, suporte à execução das Reuniões do Conselho Nacional de Turismo, a serem realizadas em datas que serão agendadas no decorrer no ano de 2015 e previamente comunicadas à empresa para providencias quanto ao devido atendimento aos itens priorizados, conforme Edital e seus Anexos
 CNT 2015",72031000178/2015-99,Pregão Eletrônico,16/03/2015,R$ 160.529,32,R$ 78.450,0,07.832.586/0001-08,DF TURISMO E REPRESENTACOES LTDA  ME,"HOMOLOGADA
 20.03.2015
 DF TURISMO E REPRESENTACOES LTDA  ME
 CNPJ 07.832.586/0001-08
 R$ 78.450,00",,,,,,,,,,,,,,
007/2015,2015.0,SNPTur,Contratação de empresa especializada na prestação de serviços de organização de eventos, envolvendo as etapas correlacionadas de planejamento, coordenação, organização e suporte à execução do evento Ano Olímpico do Turismo, a ser realizado no dia 16 de setembro de 2015, das 8:00 às 18:00 horas, no centro de Convenções Ulysses Guimarães, Auditório Planalto, na Cidade de Brasília/DF, conforme Edital e seus Anexos.,720310014602015-93,Pregão Eletrônico,03/09/2015,R$ 45.000,0,R$ 35.978,22,11.582.094/0001-70,EVIDENCE LOCACOES E EVENTOS LTDA  EPP,"HOMOLOGADA
 18.09.2015
 
 EVIDENCE LOCACOES E EVENTOS LTDA  EPP
 CNPJ 11.582.094/0001-70
 R$ 35.978,22",,,,,
008/2015,2015.0,CGRL,Fornecimento de combustíveis, por demanda, para abastecimento dos veículos oficiais e do Grupo Gerador de Energia Elétrica Emergencial do CONTRATANTE, em Brasília/DF, conforme quantidades e especificações gerais constantes do Termo de Referência Anexo I do Edital.,720300004242015-12,Pregão Eletrônico,28/12/2015,R$ 100.224,45,R$ 110.013,0,00.097.626/0001-68,BRASAL COMBUSTIVEIS LTDA,"HOMOLOGADA
 28.12.2015
 BRASAL COMBUSTIVEIS LTDA, CNPJ 00.097.626/0001-68
 R$110.013,00",,,,,,,,,,
009/2015,2015.0,CGTI,Contratação de prestação de serviços de sustentação da infraestrutura de TI do Ministério do Turismo englobando: manter a disponibilidade do ambiente de infraestrutura tecnológico do Ministério do Turismo por meio das seguintes atividades: otimizar e garantir alto desempenho do ambiente de rede, criar e manter o ambiente de virtualização, montar e configurar clusters, garantir a segurança da informação, realizar instalação de servidor Linux/Windows, criar imagens de sistemas operacionais para desktops, instalar/atualizar/remover softwares corporativos, apoiar na criação de normas e padrões relacionados a redes, realizar backups e restores, manter a disponibilidade, segurança e integridade e funcionamento do banco de dados, gerenciar, instalar e remover  fisicamente ativos dentro do datacenter do Ministério do Turismo e desempenhar outras atividades, conforme o quadro de tarefas contido no anexo I do Termo de Referência e condições expressas neste Edital e em seus anexos, visando atender as demandas do MTur.   ,720450002212015-67,Pregão Eletrônico,18/02/2016,R$ 5.303.064,82,R$ 1.777.000,0,37.057.387/0001-22,HEPTA TECNOLOGIA E INFORMATICA LTDA,"HOMOLOGADA
 24.03.2016
 HEPTA TECNOLOGIA E INFORMATICA LTDA
 CNPJ 37.057.387/0001-22
 R$ 1.777.000,00"
002/2016,2016.0,CGRL,Contratação De Empresa Especializada Na Prestação De Serviços De Secretariado Para Atender As Necessidades Das Unidades Do Ministério Do Turismo, De Forma Continuada, Por Demanda, Conforme Condições, Quantidades E Exigências Estabelecidas Neste Edital E Seus Anexos.,72030.000124/2016-14,Pregão Eletrônico,18/05/2016,R$ 4.652.733,96,R$ 3.999.884,52,06.350.074/0001-34,RDJ assessoria e gestão empresarial eireli,"HOMOLOGADA
 09.006.2016
 RDJ Assessoria e Gestão Empresarial Eireli
 CNPJ 06.350.074/0001-34
 R$ 3.999.884,52",,,,,,,,,,
003/2016,2016.0,CSG,Contratação De Empresa Especializada Na Prestação De Serviço De Atividade Complementares, Por Demanda, De Forma Contínua, De Carregador De Móveis E Assemelhados, Conforme Quantidades E Especificações Descritas Neste Edital E Seus Anexos.,72030.000138/2016-38,Pregão Eletrônico,19/05/2016,R$ 237.917,14,R$ 204.999,60,06.091.637/0001-17,WR Comercial de Alimentos e Serviços Ltda,"HOMOLOGADA
03.06.2016                                                      WR Comercial de Alimentos e Serviços Ltda
CNPJ 06.091.637/0001-17
R$ 204.999,60",,,,,,,,,,
004/2016,2016.0,DEPES,Contratação De Empresa Especializada Para Realização De Pesquisa De Caracterização E Dimensionamento De Viagens Realizadas Por Residentes No Brasil Para Acompanhamento In Loco Dos Jogos Olímpicos E Paralímpicos No Rio,72031.001655/2016-14,Pregão Eletrônico,,R$ 909.408,0,R$ 894.000,0,16.832.830/0002-04,GMR INTELIGENCIA DE MERCADO LTDA  EPP,"HOMOLOGADA
 11 .07.2016
 GMR INTELIGENCIA DE MERCADO LTDA  EPP
 CNPJ 16.832.830/0002-04
 R$ 894.000,00",,,,,,,,,,,,,,
